epoch,step,val_minADE,val_minFDE,val_minMR,val_reg_loss
0,0,1.3537609577178955,2.245267391204834,0.3237536549568176,0.4896766245365143
